Date,Close,1_day_performance,week_performance,month_performance,3month_performance,6month_performance,1yr_performance,2yr_performance,Ticker,quoteType,longName,sector,industry,website
2025-01-28 00:00:00-05:00,238.26,3.65,7.02,-6.66,0.86,6.52,23.31,68.37,AAPL,EQUITY,Apple Inc.,Technology,Consumer Electronics,https://www.apple.com
2025-01-28 00:00:00-05:00,447.05,2.87,4.33,2.71,6.96,1.9,11.24,87.21,MSFT,EQUITY,Microsoft Corporation,Technology,Software - Infrastructure,https://www.microsoft.com
2025-01-28 00:00:00-05:00,128.86,8.82,-8.5,-7.74,-10.33,6.44,109.19,572.9,NVDA,EQUITY,NVIDIA Corporation,Technology,Semiconductors,https://www.nvidia.com
2025-01-28 00:00:00-05:00,238.15,1.16,3.22,5.82,25.96,29.61,50.97,136.85,AMZN,EQUITY,"Amazon.com, Inc.",Consumer Cyclical,Internet Retail,https://www.aboutamazon.com
2025-01-28 00:00:00-05:00,195.3,1.82,-1.39,0.34,19.17,10.18,29.06,102.19,GOOGL,EQUITY,Alphabet Inc.,Communication Services,Internet Content & Information,https://abc.xyz
2025-01-28 00:00:00-05:00,674.33,2.19,9.39,12.42,17.34,41.96,72.16,360.29,META,EQUITY,"Meta Platforms, Inc.",Communication Services,Internet Content & Information,https://investor.fb.com
2025-01-28 00:00:00-05:00,398.1,0.24,-6.12,-7.55,81.91,59.73,117.98,138.87,TSLA,EQUITY,"Tesla, Inc.",Consumer Cyclical,Auto Manufacturers,https://www.tesla.com
2025-01-28 00:00:00-05:00,207.32,2.57,-13.73,-10.77,15.5,29.93,70.83,269.55,AVGO,EQUITY,Broadcom Inc.,Technology,Semiconductors,https://www.broadcom.com
2025-01-28 00:00:00-05:00,201.74,4.9,-7.75,-2.71,0.21,18.19,75.53,123.96,TSM,EQUITY,Taiwan Semiconductor Manufacturing Company Limited,Technology,Semiconductors,https://www.tsmc.com
2025-01-28 00:00:00-05:00,97.26,-0.14,4.49,7.65,20.62,38.03,81.33,110.88,WMT,EQUITY,Walmart Inc.,Consumer Defensive,Discount Stores,https://corporate.walmart.com
2025-01-28 00:00:00-05:00,267.12,0.48,1.55,12.63,20.4,28.65,57.99,102.0,JPM,EQUITY,JPMorgan Chase & Co.,Financial Services,Banks - Diversified,https://www.jpmorganchase.com
2025-01-28 00:00:00-05:00,804.88,-0.41,8.42,1.08,-11.03,-4.9,29.08,140.27,LLY,EQUITY,Eli Lilly and Company,Healthcare,Drug Manufacturers - General,https://www.lilly.com
2025-01-28 00:00:00-05:00,334.59,0.01,3.39,5.48,16.86,24.8,23.67,48.33,V,EQUITY,Visa Inc.,Financial Services,Credit Services,https://www.visa.com
2025-01-28 00:00:00-05:00,547.34,-0.05,3.65,3.63,6.43,22.32,26.02,49.22,MA,EQUITY,Mastercard Incorporated,Financial Services,Credit Services,https://www.mastercard.com
2025-01-28 00:00:00-05:00,542.3,-0.22,3.3,7.1,-4.74,-3.2,11.63,15.09,UNH,EQUITY,UnitedHealth Group Incorporated,Healthcare,Healthcare Plans,https://www.unitedhealthgroup.com
2025-01-28 00:00:00-05:00,108.03,-1.94,-3.09,1.63,-9.3,-7.58,9.39,1.73,XOM,EQUITY,Exxon Mobil Corporation,Energy,Oil & Gas Integrated,https://corporate.exxonmobil.com
2025-01-28 00:00:00-05:00,164.0,3.61,-4.97,-2.8,-5.38,19.37,44.15,92.69,ORCL,EQUITY,Oracle Corporation,Technology,Software - Infrastructure,https://www.oracle.com
2025-01-28 00:00:00-05:00,958.67,-0.68,1.15,0.92,8.25,14.53,41.83,97.44,COST,EQUITY,Costco Wholesale Corporation,Consumer Defensive,Discount Stores,https://www.costco.com
2025-01-28 00:00:00-05:00,418.83,-1.42,0.1,6.72,3.6,15.71,22.26,40.35,HD,EQUITY,"The Home Depot, Inc.",Consumer Cyclical,Home Improvement Retail,https://www.homedepot.com
2025-01-28 00:00:00-05:00,971.83,-0.01,11.75,6.62,25.87,51.13,72.92,175.22,NFLX,EQUITY,"Netflix, Inc.",Communication Services,Entertainment,https://www.netflix.com
2025-01-28 00:00:00-05:00,166.17,-2.06,3.38,-0.55,-1.39,0.44,9.41,23.82,PG,EQUITY,The Procter & Gamble Company,Consumer Defensive,Household & Personal Products,https://www.pginvestor.com
2025-01-28 00:00:00-05:00,85.18,-2.66,5.12,-3.98,-27.4,-34.23,-18.51,25.45,NVO,EQUITY,Novo Nordisk A/S,Healthcare,Drug Manufacturers - General,https://www.novonordisk.com
2025-01-28 00:00:00-05:00,150.38,-1.64,1.51,3.52,-6.9,-1.72,-2.77,-1.33,JNJ,EQUITY,Johnson & Johnson,Healthcare,Drug Manufacturers - General,https://www.jnj.com
2025-01-28 00:00:00-05:00,46.83,-0.55,0.36,6.7,12.76,10.2,43.82,40.29,BAC,EQUITY,Bank of America Corporation,Financial Services,Banks - Diversified,https://www.bankofamerica.com
2025-01-28 00:00:00-05:00,359.85,3.67,10.1,4.94,23.68,45.88,29.68,119.65,CRM,EQUITY,"Salesforce, Inc.",Technology,Software - Application,https://www.salesforce.com
2025-01-28 00:00:00-05:00,273.75,-0.67,1.66,10.0,19.29,38.8,59.82,142.73,SAP,EQUITY,SAP SE,Technology,Software - Application,https://www.sap.com
2025-01-28 00:00:00-05:00,174.79,-1.19,1.26,-1.09,-5.42,3.92,9.71,29.41,ABBV,EQUITY,AbbVie Inc.,Healthcare,Drug Manufacturers - General,https://www.abbvie.com
2025-01-28 00:00:00-05:00,156.23,-0.64,-1.27,9.27,4.6,-1.47,9.69,-2.78,CVX,EQUITY,Chevron Corporation,Energy,Oil & Gas Integrated,https://www.chevron.com
2025-01-28 00:00:00-05:00,62.33,-2.42,-0.15,-0.08,-9.57,-3.01,8.57,9.27,KO,EQUITY,The Coca-Cola Company,Consumer Defensive,Beverages - Non-Alcoholic,https://www.coca-colacompany.com
2025-01-28 00:00:00-05:00,683.35,-0.99,-10.44,-5.23,-4.08,-25.75,-20.74,6.98,ASML,EQUITY,ASML Holding N.V.,Technology,Semiconductor Equipment & Materials,https://www.asml.com
2025-01-28 00:00:00-05:00,221.05,-0.17,0.71,-0.27,-0.41,22.1,37.99,53.28,TMUS,EQUITY,"T-Mobile US, Inc.",Communication Services,Telecom Services,https://www.t-mobile.com
2025-01-28 00:00:00-05:00,77.87,-0.09,0.03,10.39,22.33,33.22,60.24,78.07,WFC,EQUITY,Wells Fargo & Company,Financial Services,Banks - Diversified,https://www.wellsfargo.com
2025-01-28 00:00:00-05:00,97.43,-0.52,1.24,-1.95,-7.65,-20.43,-16.68,-3.02,MRK,EQUITY,"Merck & Co., Inc.",Healthcare,Drug Manufacturers - General,https://www.merck.com
2025-01-28 00:00:00-05:00,185.35,-0.62,-0.85,2.72,9.56,-7.26,-7.12,27.67,TM,EQUITY,Toyota Motor Corporation,Consumer Cyclical,Auto Manufacturers,https://global.toyota/en
2025-01-28 00:00:00-05:00,1169.93,2.57,6.66,7.5,27.4,58.36,52.59,164.35,NOW,EQUITY,"ServiceNow, Inc.",Technology,Software - Application,https://www.servicenow.com
2025-01-28 00:00:00-05:00,59.43,0.59,-2.62,1.45,5.73,25.5,17.15,31.02,CSCO,EQUITY,"Cisco Systems, Inc.",Technology,Communication Equipment,https://www.cisco.com
2025-01-28 00:00:00-05:00,378.35,1.39,6.15,5.46,0.62,15.78,2.98,41.79,ACN,EQUITY,Accenture plc,Technology,Information Technology Services,https://www.accenture.com
2025-01-28 00:00:00-05:00,185.64,1.71,2.27,7.81,9.27,37.59,54.18,107.77,BX,EQUITY,Blackstone Inc.,Financial Services,Asset Management,https://www.blackstone.com
2025-01-28 00:00:00-05:00,584.27,0.11,1.96,11.23,-1.79,8.22,8.85,4.1,TMO,EQUITY,Thermo Fisher Scientific Inc.,Healthcare,Diagnostics & Research,https://www.thermofisher.com
2025-01-28 00:00:00-05:00,138.54,1.38,0.9,11.32,18.05,34.43,63.13,54.19,MS,EQUITY,Morgan Stanley,Financial Services,Capital Markets,https://www.morganstanley.com
2025-01-28 00:00:00-05:00,316.96,0.17,-0.31,6.33,17.35,27.82,70.4,88.31,AXP,EQUITY,American Express Company,Financial Services,Credit Services,https://www.americanexpress.com
2025-01-28 00:00:00-05:00,127.5,-1.49,9.17,12.13,9.56,28.69,15.7,20.89,ABT,EQUITY,Abbott Laboratories,Healthcare,Medical Devices,https://www.abbott.com
2025-01-28 00:00:00-05:00,96.07,6.76,12.52,12.84,-4.8,25.52,32.92,-10.54,BABA,EQUITY,Alibaba Group Holding Limited,Consumer Cyclical,Internet Retail,https://www.alibabagroup.com
2025-01-28 00:00:00-05:00,637.76,0.71,0.48,11.74,23.78,32.6,70.69,88.53,GS,EQUITY,"The Goldman Sachs Group, Inc.",Financial Services,Capital Markets,https://www.goldmansachs.com
2025-01-28 00:00:00-05:00,69.59,-0.7,2.4,4.44,-10.14,-10.3,6.08,10.27,AZN,EQUITY,AstraZeneca PLC,Healthcare,Drug Manufacturers - General,https://www.astrazeneca.com
2025-01-28 00:00:00-05:00,194.43,-0.02,3.7,15.22,0.27,22.83,88.74,204.32,GE,EQUITY,GE Aerospace,Industrials,Aerospace & Defense,https://www.geaerospace.com
2025-01-28 00:00:00-05:00,225.69,0.7,0.64,1.69,-1.85,23.88,22.8,81.42,IBM,EQUITY,International Business Machines Corporation,Technology,Information Technology Services,https://www.ibm.com
2025-01-28 00:00:00-05:00,291.19,-0.65,3.04,-0.03,-6.97,13.54,0.35,12.59,MCD,EQUITY,McDonald's Corporation,Consumer Cyclical,Restaurants,https://www.mcdonalds.com
2025-01-28 00:00:00-05:00,150.25,-2.82,1.14,-0.69,-13.42,-10.38,-6.9,-5.88,PEP,EQUITY,"PepsiCo, Inc.",Consumer Defensive,Beverages - Non-Alcoholic,https://www.pepsico.com
2025-01-28 00:00:00-05:00,435.51,-0.91,-1.57,3.12,-9.63,-1.78,9.26,37.5,LIN,EQUITY,Linde plc,Basic Materials,Specialty Chemicals,https://www.linde.com
2025-01-28 00:00:00-05:00,574.14,0.12,-4.96,8.9,10.65,37.97,53.12,137.02,ISRG,EQUITY,"Intuitive Surgical, Inc.",Healthcare,Medical Instruments & Supplies,https://www.intuitive.com
2025-01-28 00:00:00-05:00,101.86,-1.5,2.14,3.46,-11.98,-5.0,-1.16,23.09,NVS,EQUITY,Novartis AG,Healthcare,Drug Manufacturers - General,https://www.novartis.com
2025-01-28 00:00:00-05:00,112.13,-1.07,3.16,0.66,16.57,16.36,19.28,5.5,DIS,EQUITY,The Walt Disney Company,Communication Services,Entertainment,https://www.thewaltdisneycompany.com
2025-01-28 00:00:00-05:00,128.98,-1.12,4.17,5.35,9.62,22.72,48.49,37.74,PM,EQUITY,Philip Morris International Inc.,Consumer Defensive,Tobacco,https://www.pmi.com
2025-01-28 00:00:00+01:00,253.6,-0.59,4.62,7.28,13.93,11.67,41.62,73.39,ADS.DE,EQUITY,adidas AG,Consumer Cyclical,Footwear & Accessories,https://www.adidas-group.com
2025-01-28 00:00:00+01:00,166.8,0.58,2.14,8.52,18.15,26.17,14.42,48.07,AIR.PA,EQUITY,Airbus SE,Industrials,Aerospace & Defense,https://www.airbus.com
2025-01-28 00:00:00+01:00,315.0,0.64,2.91,6.92,4.58,21.43,34.01,58.05,ALV.DE,EQUITY,Allianz SE,Financial Services,Insurance - Diversified,https://www.allianz.com
2025-01-28 00:00:00+01:00,47.22,0.67,3.81,11.0,1.48,7.09,13.77,3.17,BAS.DE,EQUITY,BASF SE,Basic Materials,Chemicals,https://www.basf.com
2025-01-28 00:00:00+01:00,21.5,0.23,0.26,13.51,-17.64,-18.15,-28.25,-60.48,BAYN.DE,EQUITY,Bayer Aktiengesellschaft,Healthcare,Drug Manufacturers - General,https://www.bayer.com
2025-01-28 00:00:00+01:00,128.7,-0.16,1.98,4.76,-0.35,-6.13,-4.66,16.43,BEI.DE,EQUITY,Beiersdorf Aktiengesellschaft,Consumer Defensive,Household & Personal Products,https://www.beiersdorf.com
2025-01-28 00:00:00+01:00,78.8,-2.76,-0.58,1.57,5.24,-11.94,-11.92,-0.74,BMW.DE,EQUITY,Bayerische Motoren Werke Aktiengesellschaft,Consumer Cyclical,Auto Manufacturers,https://www.bmwgroup.com
2025-01-28 00:00:00+01:00,60.04,0.17,7.1,4.71,-5.15,-7.0,-24.18,-7.67,BNR.DE,EQUITY,Brenntag SE,Basic Materials,Specialty Chemicals,https://www.brenntag.com
2025-01-28 00:00:00+01:00,18.24,0.77,0.8,19.65,11.83,19.72,74.77,87.27,CBK.DE,EQUITY,Commerzbank AG,Financial Services,Banks - Regional,https://www.commerzbank.com
2025-01-28 00:00:00+01:00,69.84,0.37,3.71,8.75,15.82,21.71,-4.53,15.02,CON.DE,EQUITY,Continental Aktiengesellschaft,Consumer Cyclical,Auto Parts,https://www.continental.com
2025-01-28 00:00:00+01:00,56.3,0.21,-0.07,-1.23,-3.6,2.85,14.41,34.05,1COV.DE,EQUITY,Covestro AG,Basic Materials,Specialty Chemicals,https://www.covestro.com
2025-01-28 00:00:00+01:00,39.39,-1.67,3.63,6.52,4.59,5.43,25.0,38.45,DTG.DE,EQUITY,Daimler Truck Holding AG,Industrials,Farm & Heavy Construction Machinery,https://www.daimlertruck.com
2025-01-28 00:00:00+01:00,19.25,1.55,2.36,18.46,19.45,28.25,63.74,66.52,DBK.DE,EQUITY,Deutsche Bank Aktiengesellschaft,Financial Services,Banks - Regional,https://www.db.com
2025-01-28 00:00:00+01:00,238.5,0.29,4.1,6.57,9.81,27.75,31.77,52.87,DB1.DE,EQUITY,Deutsche Börse AG,Financial Services,Financial Data & Stock Exchanges,https://deutsche-boerse.com/dbg-de/
2025-01-28 00:00:00+01:00,36.13,0.81,1.6,7.4,-4.04,-10.5,-15.46,-3.63,DHL.DE,EQUITY,Deutsche Post AG,Industrials,Integrated Freight & Logistics,https://group.dhl.com
2025-01-28 00:00:00+01:00,30.77,3.22,1.75,6.4,10.33,27.2,39.26,61.44,DTE.DE,EQUITY,Deutsche Telekom AG,Communication Services,Telecom Services,https://www.telekom.com
2025-01-28 00:00:00+01:00,11.13,1.78,0.68,0.09,-14.12,-10.1,-6.7,20.98,EOAN.DE,EQUITY,E.ON SE,Utilities,Utilities - Diversified,https://www.eon.com
2025-01-28 00:00:00+01:00,37.13,0.57,4.3,11.84,10.08,23.93,39.38,43.14,FRE.DE,EQUITY,Fresenius SE & Co. KGaA,Healthcare,Medical Care Facilities,https://www.fresenius.com
2025-01-28 00:00:00+01:00,261.6,0.08,2.83,7.04,3.32,15.24,21.12,46.72,HNR1.DE,EQUITY,Hannover Rück SE,Financial Services,Insurance - Reinsurance,https://www.hannover-re.com
2025-01-28 00:00:00+01:00,134.1,-0.59,6.64,12.5,36.47,33.3,58.07,129.07,HEI.DE,EQUITY,Heidelberg Materials AG,Basic Materials,Building Materials,https://www.heidelbergmaterials.de
2025-01-28 00:00:00+01:00,83.54,-0.26,1.31,-0.67,-0.38,1.21,19.7,34.98,HEN3.DE,EQUITY,Henkel AG & Co. KGaA,Consumer Defensive,Household & Personal Products,https://www.henkel.com
2025-01-28 00:00:00+01:00,33.06,-0.97,-3.16,5.3,10.28,-0.14,-2.37,1.63,IFX.DE,EQUITY,Infineon Technologies AG,Technology,Semiconductors,https://www.infineon.com
2025-01-28 00:00:00+01:00,58.44,1.42,3.67,9.34,2.53,-8.01,1.18,0.46,MBG.DE,EQUITY,Mercedes-Benz Group AG,Consumer Cyclical,Auto Manufacturers,https://group.mercedes-benz.com
2025-01-28 00:00:00+01:00,149.5,2.96,5.28,8.18,-7.57,-0.07,0.1,-20.55,MRK.DE,EQUITY,Merck KGaA,Healthcare,Drug Manufacturers - Specialty & Generic,https://www.merckgroup.com/en
2025-01-28 00:00:00+01:00,332.1,2.12,1.03,2.94,7.3,34.02,55.1,49.22,MTX.DE,EQUITY,MTU Aero Engines AG,Industrials,Aerospace & Defense,https://www.mtu.de/?fc=1
2025-01-28 00:00:00+01:00,529.8,-0.23,6.39,7.25,8.06,19.16,39.55,71.63,MUV2.DE,EQUITY,Münchener Rückversicherungs-Gesellschaft Aktiengesellschaft in München,Financial Services,Insurance - Reinsurance,https://www.munichre.com
2025-01-28 00:00:00+01:00,61.72,-1.72,1.25,5.29,-8.7,-13.8,-18.08,-39.94,P911.DE,EQUITY,Dr. Ing. h.c. F. Porsche AG,Consumer Cyclical,Auto Manufacturers,https://www.porsche.com/international
2025-01-28 00:00:00+01:00,37.68,0.16,3.29,5.37,-5.63,-11.4,-13.27,-23.77,PAH3.DE,EQUITY,Porsche Automobil Holding SE,Consumer Cyclical,Auto Manufacturers,https://www.porsche-se.com
2025-01-28 00:00:00+01:00,43.78,0.44,-3.06,2.06,12.73,16.4,9.03,-2.86,QIA.DE,EQUITY,Qiagen N.V.,Healthcare,Diagnostics & Research,https://www.qiagen.com
2025-01-28 00:00:00+01:00,732.2,1.24,6.73,19.72,49.31,49.37,127.85,231.24,RHM.DE,EQUITY,Rheinmetall AG,Industrials,Aerospace & Defense,https://www.rheinmetall.com
2025-01-28 00:00:00+01:00,29.01,1.72,-1.69,2.69,-8.02,-11.53,-12.79,-25.35,RWE.DE,EQUITY,RWE Aktiengesellschaft,Utilities,Utilities - Diversified,https://www.rwe.com/en/
2025-01-28 00:00:00+01:00,262.6,0.46,2.58,10.92,24.6,44.68,63.73,152.52,SAP.DE,EQUITY,SAP SE,Technology,Software - Application,https://www.sap.com
2025-01-28 00:00:00+01:00,279.0,11.47,17.47,29.41,10.1,33.43,-16.62,-32.52,SRT3.DE,EQUITY,Sartorius Aktiengesellschaft,Healthcare,Medical Instruments & Supplies,https://www.sartorius.com
2025-01-28 00:00:00+01:00,200.05,-0.67,-0.87,5.7,8.08,17.37,21.51,47.82,SIE.DE,EQUITY,Siemens Aktiengesellschaft,Industrials,Specialty Industrial Machinery,https://www.siemens.com
2025-01-28 00:00:00+01:00,51.96,7.53,3.22,2.49,41.89,104.33,273.01,173.47,ENR.DE,EQUITY,Siemens Energy AG,Industrials,Specialty Industrial Machinery,https://www.siemens-energy.com
2025-01-28 00:00:00+01:00,54.24,0.86,6.35,4.11,4.39,1.23,5.63,13.73,SHL.DE,EQUITY,Siemens Healthineers AG,Healthcare,Medical Devices,https://www.siemens-healthineers.com
2025-01-28 00:00:00+01:00,102.3,0.29,4.32,0.64,-12.79,-8.7,7.86,6.52,SY1.DE,EQUITY,Symrise AG,Basic Materials,Specialty Chemicals,https://www.symrise.com
2025-01-28 00:00:00+01:00,97.82,-0.16,3.78,10.16,7.45,-7.37,-9.34,-2.89,VOW3.DE,EQUITY,Volkswagen AG,Consumer Cyclical,Auto Manufacturers,https://www.volkswagen-group.com
2025-01-28 00:00:00+01:00,28.64,0.95,1.06,-2.68,-8.5,1.67,4.19,21.0,VNA.DE,EQUITY,Vonovia SE,Real Estate,Real Estate Services,https://www.vonovia.de
2025-01-28 00:00:00+01:00,34.94,0.6,10.29,5.91,17.84,50.02,82.07,-17.79,ZAL.DE,EQUITY,Zalando SE,Consumer Cyclical,Internet Retail,https://corporate.zalando.de
2025-01-28 00:00:00-05:00,442.75,0.95,1.46,-0.89,-11.04,-20.49,-28.88,21.83,ADBE,EQUITY,Adobe Inc.,Technology,Software - Infrastructure,https://www.adobe.com
2025-01-28 00:00:00-05:00,114.17,-0.73,-6.63,-8.37,-27.69,-26.71,-36.69,57.58,AMD,EQUITY,"Advanced Micro Devices, Inc.",Technology,Semiconductors,https://www.amd.com
2025-01-28 00:00:00-05:00,131.05,1.62,-1.52,-2.58,-4.48,-10.78,-7.78,19.7,ABNB,EQUITY,"Airbnb, Inc.",Consumer Cyclical,Travel Services,https://www.airbnb.com
2025-01-28 00:00:00-05:00,197.07,1.7,-1.28,0.55,18.99,10.23,28.73,101.92,GOOG,EQUITY,Alphabet Inc.,Communication Services,Internet Content & Information,https://abc.xyz
2025-01-28 00:00:00-05:00,100.0,-2.56,2.24,7.69,0.81,8.98,33.27,16.63,AEP,EQUITY,"American Electric Power Company, Inc.",Utilities,Utilities - Regulated Electric,https://www.aep.com
2025-01-28 00:00:00-05:00,280.3,-0.94,2.0,6.17,-10.8,-14.04,-6.93,18.76,AMGN,EQUITY,Amgen Inc.,Healthcare,Drug Manufacturers - General,https://www.amgen.com
2025-01-28 00:00:00-05:00,209.52,-2.74,-5.39,-2.5,-6.76,-11.61,8.0,28.53,ADI,EQUITY,"Analog Devices, Inc.",Technology,Semiconductors,https://www.analog.com
2025-01-28 00:00:00-05:00,350.23,1.55,-0.52,3.16,6.95,10.95,3.18,33.9,ANSS,EQUITY,"ANSYS, Inc.",Technology,Software - Application,https://www.ansys.com
2025-01-28 00:00:00-05:00,172.85,-0.99,-10.38,3.22,-6.07,-20.24,0.91,62.48,AMAT,EQUITY,"Applied Materials, Inc.",Technology,Semiconductor Equipment & Materials,https://www.appliedmaterials.com
2025-01-28 00:00:00-05:00,360.75,5.17,6.61,4.62,127.1,345.76,718.58,2854.55,APP,EQUITY,AppLovin Corporation,Technology,Software - Application,https://www.applovin.com
2025-01-28 00:00:00-05:00,149.47,2.4,-3.69,17.81,-1.89,-5.6,102.23,135.05,ARM,EQUITY,Arm Holdings plc,Technology,Semiconductors,https://www.arm.com
2025-01-28 00:00:00-05:00,274.71,2.5,7.23,9.27,42.46,56.0,12.42,75.04,TEAM,EQUITY,Atlassian Corporation,Technology,Software - Application,https://www.atlassian.com
2025-01-28 00:00:00-05:00,309.93,3.63,4.39,4.18,6.95,27.64,23.11,48.21,ADSK,EQUITY,"Autodesk, Inc.",Technology,Software - Application,https://www.autodesk.com
2025-01-28 00:00:00-05:00,298.31,-0.61,0.05,1.41,3.08,21.82,28.78,40.22,ADP,EQUITY,"Automatic Data Processing, Inc.",Technology,Software - Application,https://www.adp.com
2025-01-28 00:00:00-05:00,637.53,5.43,5.28,2.15,43.59,108.57,152.29,232.98,AXON,EQUITY,"Axon Enterprise, Inc.",Industrials,Aerospace & Defense,https://www.axon.com
2025-01-28 00:00:00-05:00,43.28,-0.62,-7.99,7.8,19.4,22.01,46.53,46.61,BKR,EQUITY,Baker Hughes Company,Energy,Oil & Gas Equipment & Services,https://www.bakerhughes.com
2025-01-28 00:00:00-05:00,145.49,-2.2,3.2,-2.6,-21.21,-35.41,-40.91,-49.12,BIIB,EQUITY,Biogen Inc.,Healthcare,Drug Manufacturers - General,https://www.biogen.com
2025-01-28 00:00:00-05:00,4684.68,0.2,-0.04,-7.47,7.53,19.66,34.91,93.94,BKNG,EQUITY,Booking Holdings Inc.,Consumer Cyclical,Travel Services,https://www.bookingholdings.com
2025-01-28 00:00:00-05:00,299.3,3.25,-3.75,-1.68,18.23,7.73,2.79,65.6,CDNS,EQUITY,"Cadence Design Systems, Inc.",Technology,Software - Application,https://www.cadence.com
2025-01-28 00:00:00-05:00,194.76,0.37,1.65,10.94,-11.3,-16.14,-13.98,2.76,CDW,EQUITY,CDW Corporation,Technology,Information Technology Services,https://www.cdw.com
2025-01-28 00:00:00-05:00,365.38,-0.57,4.23,4.55,15.84,13.6,-1.0,-6.54,CHTR,EQUITY,"Charter Communications, Inc.",Communication Services,Telecom Services,https://www.corporate.charter.com
2025-01-28 00:00:00-05:00,200.43,-1.05,-0.4,7.11,-5.09,6.7,36.78,94.16,CTAS,EQUITY,Cintas Corporation,Industrials,Specialty Business Services,https://www.cintas.com
2025-01-28 00:00:00-05:00,77.49,-0.95,-0.2,2.25,2.17,6.97,16.8,48.65,CCEP,EQUITY,Coca-Cola Europacific Partners PLC,Consumer Defensive,Beverages - Non-Alcoholic,https://www.cocacolaep.com
2025-01-28 00:00:00-05:00,80.96,-0.2,3.2,2.48,5.73,7.41,5.06,28.24,CTSH,EQUITY,Cognizant Technology Solutions Corporation,Technology,Information Technology Services,https://www.cognizant.com
2025-01-28 00:00:00-05:00,37.55,-1.78,1.57,-0.3,-6.57,-4.96,-14.41,1.54,CMCSA,EQUITY,Comcast Corporation,Communication Services,Telecom Services,https://corporate.comcast.com
2025-01-28 00:00:00-05:00,278.8,1.38,-13.85,22.13,2.02,49.38,132.88,244.84,CEG,EQUITY,Constellation Energy Corporation,Utilities,Utilities - Renewable,https://www.constellationenergy.com
2025-01-28 00:00:00-05:00,57.31,-0.56,-0.23,-1.8,9.04,10.96,16.98,72.88,CPRT,EQUITY,"Copart, Inc.",Industrials,Specialty Business Services,https://www.copart.com
2025-01-28 00:00:00-05:00,76.12,-0.42,2.64,4.65,-1.6,1.13,-10.03,-2.28,CSGP,EQUITY,"CoStar Group, Inc.",Real Estate,Real Estate Services,https://www.costargroup.com
2025-01-28 00:00:00-05:00,408.68,9.35,11.54,13.05,32.02,19.13,39.26,303.16,CRWD,EQUITY,"CrowdStrike Holdings, Inc.",Technology,Software - Infrastructure,https://www.crowdstrike.com
2025-01-28 00:00:00-05:00,32.68,-2.85,-1.77,1.43,-2.59,-6.04,-5.35,12.46,CSX,EQUITY,CSX Corporation,Industrials,Railroads,https://www.csx.com
2025-01-28 00:00:00-05:00,151.89,6.84,9.75,3.0,20.73,27.83,24.31,105.7,DDOG,EQUITY,"Datadog, Inc.",Technology,Software - Application,https://www.datadoghq.com
2025-01-28 00:00:00-05:00,88.32,0.9,2.31,11.03,21.63,-20.22,-30.19,-16.28,DXCM,EQUITY,"DexCom, Inc.",Healthcare,Medical Devices,https://www.dexcom.com
2025-01-28 00:00:00-05:00,169.25,-1.37,-4.35,8.42,-6.75,-18.04,13.09,28.38,FANG,EQUITY,"Diamondback Energy, Inc.",Energy,Oil & Gas E&P,https://www.diamondbackenergy.com
2025-01-28 00:00:00-05:00,184.54,1.13,3.62,8.59,20.7,84.03,71.64,226.27,DASH,EQUITY,"DoorDash, Inc.",Communication Services,Internet Content & Information,https://www.doordash.com
2025-01-28 00:00:00-05:00,116.53,-1.17,-18.67,-20.89,-19.93,-20.28,-15.69,-8.63,EA,EQUITY,Electronic Arts Inc.,Communication Services,Electronic Gaming & Multimedia,https://www.ea.com
2025-01-28 00:00:00-05:00,39.81,-2.19,-1.56,6.64,-0.71,12.09,18.82,2.89,EXC,EQUITY,Exelon Corporation,Utilities,Utilities - Regulated Electric,https://www.exeloncorp.com
2025-01-28 00:00:00-05:00,74.79,-1.94,-1.71,0.42,-3.33,9.84,10.5,59.71,FAST,EQUITY,Fastenal Company,Industrials,Industrial Distribution,https://www.fastenal.com
2025-01-28 00:00:00-05:00,99.83,3.16,2.71,3.54,21.67,71.74,52.3,95.55,FTNT,EQUITY,"Fortinet, Inc.",Technology,Software - Infrastructure,https://www.fortinet.com
2025-01-28 00:00:00-05:00,87.78,-1.36,0.5,10.77,-2.21,8.52,20.64,23.15,GEHC,EQUITY,GE HealthCare Technologies Inc.,Healthcare,Health Information Services,https://www.gehealthcare.com
2025-01-28 00:00:00-05:00,93.85,-1.57,0.96,0.48,9.68,29.95,21.76,21.73,GILD,EQUITY,"Gilead Sciences, Inc.",Healthcare,Drug Manufacturers - General,https://www.gilead.com
2025-01-28 00:00:00-05:00,41.2,0.05,-3.47,-6.43,2.97,-29.44,-30.56,-28.36,GFS,EQUITY,GlobalFoundries Inc.,Technology,Semiconductors,https://gf.com
2025-01-28 00:00:00-05:00,220.7,-2.22,-1.94,-2.84,0.13,2.45,11.28,11.96,HON,EQUITY,Honeywell International Inc.,Industrials,Conglomerates,https://www.honeywell.com
2025-01-28 00:00:00-05:00,417.86,-2.26,-2.22,1.14,-7.83,-11.23,-20.02,-13.48,IDXX,EQUITY,"IDEXX Laboratories, Inc.",Healthcare,Diagnostics & Research,https://www.idexx.com
2025-01-28 00:00:00-05:00,19.8,-2.41,-9.05,-1.98,-13.31,-42.86,-59.51,-26.53,INTC,EQUITY,Intel Corporation,Technology,Semiconductors,https://www.intel.com
2025-01-28 00:00:00-05:00,600.66,-0.98,-1.44,-5.74,-2.0,-5.46,-5.79,46.1,INTU,EQUITY,Intuit Inc.,Technology,Software - Application,https://www.intuit.com
2025-01-28 00:00:00-05:00,31.34,-1.54,-1.17,-2.11,-14.52,-4.15,1.9,-4.89,KDP,EQUITY,Keurig Dr Pepper Inc.,Consumer Defensive,Beverages - Non-Alcoholic,https://www.keurigdrpepper.com
2025-01-28 00:00:00-05:00,702.92,0.03,-8.38,8.48,4.64,-10.28,10.52,85.14,KLAC,EQUITY,KLA Corporation,Technology,Semiconductor Equipment & Materials,https://www.kla.com
2025-01-28 00:00:00-05:00,29.59,-2.02,0.37,-2.86,-15.57,-10.25,-16.76,-19.7,KHC,EQUITY,The Kraft Heinz Company,Consumer Defensive,Packaged Foods,https://www.kraftheinzcompany.com
2025-01-28 00:00:00-05:00,74.5,-1.49,-8.59,0.95,2.59,-19.1,-9.08,76.41,LRCX,EQUITY,Lam Research Corporation,Technology,Semiconductor Equipment & Materials,https://www.lamresearch.com
2025-01-28 00:00:00-05:00,409.42,1.62,9.82,6.76,37.51,43.59,-13.68,35.31,LULU,EQUITY,Lululemon Athletica Inc.,Consumer Cyclical,Apparel Retail,https://corporate.lululemon.com
2025-01-28 00:00:00-05:00,288.64,0.2,3.93,1.77,9.18,18.86,20.2,72.08,MAR,EQUITY,"Marriott International, Inc.",Consumer Cyclical,Lodging,https://www.marriott.com
2025-01-28 00:00:00-05:00,103.88,3.54,-16.08,-8.64,27.01,52.5,48.85,149.29,MRVL,EQUITY,"Marvell Technology, Inc.",Technology,Semiconductors,https://www.marvell.com
2025-01-28 00:00:00-05:00,1895.53,2.68,3.33,9.58,-9.76,16.77,9.01,63.15,MELI,EQUITY,"MercadoLibre, Inc.",Consumer Cyclical,Internet Retail,https://www.mercadolibre.com
2025-01-28 00:00:00-05:00,56.28,-1.66,-3.81,-2.75,-24.62,-37.74,-35.8,-22.45,MCHP,EQUITY,Microchip Technology Incorporated,Technology,Semiconductors,https://www.microchip.com
2025-01-28 00:00:00-05:00,88.25,-3.14,-19.32,-1.51,-18.99,-24.68,-0.64,44.62,MU,EQUITY,"Micron Technology, Inc.",Technology,Semiconductors,https://www.micron.com
2025-01-28 00:00:00-05:00,335.95,-3.44,-13.66,1.12,53.37,116.02,633.87,1267.32,MSTR,EQUITY,MicroStrategy Incorporated,Technology,Software - Application,https://www.microstrategy.com
2025-01-28 00:00:00-05:00,56.91,-2.43,-1.2,-3.23,-18.55,-13.74,-21.54,-7.78,MDLZ,EQUITY,"Mondelez International, Inc.",Consumer Defensive,Confectioners,https://www.mondelezinternational.com
2025-01-28 00:00:00-05:00,284.0,7.34,10.14,16.91,4.5,15.05,-29.05,34.97,MDB,EQUITY,"MongoDB, Inc.",Technology,Software - Infrastructure,https://www.mongodb.com
2025-01-28 00:00:00-05:00,48.65,-1.4,-1.16,-6.19,-9.52,-4.63,-11.77,-4.96,MNST,EQUITY,Monster Beverage Corporation,Consumer Defensive,Beverages - Non-Alcoholic,https://www.monsterbevcorp.com
2025-01-28 00:00:00-05:00,213.43,-0.77,-0.67,-0.31,-7.26,-23.24,-1.52,22.92,NXPI,EQUITY,NXP Semiconductors N.V.,Technology,Semiconductors,https://www.nxp.com
2025-01-28 00:00:00-05:00,1278.34,-0.33,3.0,5.89,4.87,24.34,24.83,61.89,ORLY,EQUITY,"O'Reilly Automotive, Inc.",Consumer Cyclical,Specialty Retail,https://www.oreillyauto.com
2025-01-28 00:00:00-05:00,189.99,-2.42,-0.23,5.46,-3.96,-2.55,-3.41,19.18,ODFL,EQUITY,"Old Dominion Freight Line, Inc.",Industrials,Trucking,https://www.odfl.com
2025-01-28 00:00:00-05:00,53.87,-0.13,-3.13,-19.15,-19.76,-28.58,-25.89,-24.15,ON,EQUITY,ON Semiconductor Corporation,Technology,Semiconductors,https://www.onsemi.com
2025-01-28 00:00:00-05:00,107.25,-2.42,-2.6,2.44,0.91,0.9,9.37,61.13,PCAR,EQUITY,PACCAR Inc,Industrials,Farm & Heavy Construction Machinery,https://www.paccar.com
2025-01-28 00:00:00-05:00,80.23,6.35,9.8,-0.57,87.89,180.13,387.42,988.6,PLTR,EQUITY,Palantir Technologies Inc.,Technology,Software - Infrastructure,https://www.palantir.com
2025-01-28 00:00:00-05:00,192.94,1.92,5.14,2.51,1.97,19.14,13.43,144.79,PANW,EQUITY,"Palo Alto Networks, Inc.",Technology,Software - Infrastructure,https://www.paloaltonetworks.com
2025-01-28 00:00:00-05:00,147.48,-0.38,1.25,5.84,5.22,20.45,25.58,36.54,PAYX,EQUITY,"Paychex, Inc.",Technology,Software - Application,https://www.paychex.com
2025-01-28 00:00:00-05:00,88.19,-2.27,-1.76,1.48,9.47,46.98,45.26,10.74,PYPL,EQUITY,"PayPal Holdings, Inc.",Financial Services,Credit Services,https://www.paypal.com
2025-01-28 00:00:00-05:00,112.18,1.17,7.71,11.53,-10.16,-15.07,-22.33,15.47,PDD,EQUITY,PDD Holdings Inc.,Consumer Cyclical,Internet Retail,https://www.pddholdings.com
2025-01-28 00:00:00-05:00,171.4,0.13,2.47,8.31,1.94,-9.55,13.14,36.33,QCOM,EQUITY,QUALCOMM Incorporated,Technology,Semiconductors,https://www.qualcomm.com
2025-01-28 00:00:00-05:00,686.33,0.24,-0.21,-4.03,-29.13,-35.69,-27.67,-6.81,REGN,EQUITY,"Regeneron Pharmaceuticals, Inc.",Healthcare,Biotechnology,https://www.regeneron.com
2025-01-28 00:00:00-05:00,549.62,1.53,3.55,4.87,-1.13,-3.49,0.19,31.29,ROP,EQUITY,"Roper Technologies, Inc.",Technology,Software - Application,https://www.ropertech.com
2025-01-28 00:00:00-05:00,147.92,1.31,-0.68,-0.51,0.66,2.86,6.09,27.01,ROST,EQUITY,"Ross Stores, Inc.",Consumer Cyclical,Apparel Retail,https://www.rossstores.com
2025-01-28 00:00:00-05:00,100.39,0.37,2.46,14.81,4.73,36.97,11.23,-2.98,SBUX,EQUITY,Starbucks Corporation,Consumer Cyclical,Restaurants,https://www.starbucks.com
2025-01-28 00:00:00-05:00,526.12,3.01,-0.69,6.81,4.06,-6.11,-1.97,50.37,SNPS,EQUITY,"Synopsys, Inc.",Technology,Software - Infrastructure,https://www.synopsys.com
2025-01-28 00:00:00-05:00,187.14,-0.39,1.08,2.14,19.29,24.51,11.06,66.11,TTWO,EQUITY,"Take-Two Interactive Software, Inc.",Communication Services,Electronic Gaming & Multimedia,https://www.take2games.com
2025-01-28 00:00:00-05:00,180.57,-3.45,-7.51,-5.03,-7.16,-11.14,10.93,9.85,TXN,EQUITY,Texas Instruments Incorporated,Technology,Semiconductors,https://www.ti.com
2025-01-28 00:00:00-05:00,120.56,1.23,-3.16,-0.91,1.99,25.95,74.42,144.94,TTD,EQUITY,"The Trade Desk, Inc.",Technology,Software - Application,https://www.thetradedesk.com
2025-01-28 00:00:00-05:00,281.85,-1.26,0.64,1.86,5.28,0.61,16.45,59.02,VRSK,EQUITY,"Verisk Analytics, Inc.",Industrials,Consulting Services,https://www.verisk.com
2025-01-28 00:00:00-05:00,440.68,-0.72,2.99,8.74,-7.82,-9.72,2.49,37.72,VRTX,EQUITY,Vertex Pharmaceuticals Incorporated,Healthcare,Biotechnology,https://www.vrtx.com
2025-01-28 00:00:00-05:00,10.25,-2.29,4.91,-1.82,35.76,20.31,-3.12,-28.72,WBD,EQUITY,"Warner Bros. Discovery, Inc.",Communication Services,Entertainment,https://ir.wbd.com
2025-01-28 00:00:00-05:00,270.43,2.36,7.86,1.9,10.95,17.28,-7.5,53.24,WDAY,EQUITY,"Workday, Inc.",Technology,Software - Application,https://www.workday.com
2025-01-28 00:00:00-05:00,66.43,-2.29,-1.85,-1.09,5.6,21.12,17.14,4.76,XEL,EQUITY,Xcel Energy Inc.,Utilities,Utilities - Regulated Electric,https://mn.my.xcelenergy.com/s/
2025-01-28 00:00:00-05:00,204.68,7.03,6.71,10.08,8.9,7.52,-14.11,66.95,ZS,EQUITY,"Zscaler, Inc.",Technology,Software - Infrastructure,https://www.zscaler.com
2025-01-28 00:00:00-05:00,151.39,-0.09,3.06,17.37,12.87,47.1,95.18,76.47,MMM,EQUITY,3M Company,Industrials,Conglomerates,https://www.3m.com
2025-01-28 00:00:00-05:00,177.89,1.56,1.33,0.11,11.31,-1.3,-11.88,-15.16,BA,EQUITY,The Boeing Company,Industrials,Aerospace & Defense,https://www.boeing.com
2025-01-28 00:00:00-05:00,390.24,-1.2,-2.04,7.19,0.3,10.86,31.7,54.56,CAT,EQUITY,Caterpillar Inc.,Industrials,Farm & Heavy Construction Machinery,https://www.caterpillar.com
2025-01-28 00:00:00-05:00,74.37,-1.6,1.64,-3.11,-8.26,3.73,-24.93,-39.36,NKE,EQUITY,"NIKE, Inc.",Consumer Cyclical,Footwear & Accessories,https://www.nike.com
2025-01-28 00:00:00-05:00,364.27,0.03,0.76,5.63,-4.4,12.36,20.87,60.68,SHW,EQUITY,The Sherwin-Williams Company,Basic Materials,Specialty Chemicals,https://www.sherwin-williams.com
2025-01-28 00:00:00-05:00,248.31,-1.08,3.83,2.88,-3.99,13.53,19.53,37.63,TRV,EQUITY,"The Travelers Companies, Inc.",Financial Services,Insurance - Property & Casualty,https://www.travelers.com
2025-01-28 00:00:00-05:00,40.39,-0.62,3.51,2.92,-5.94,-0.77,1.96,12.88,VZ,EQUITY,Verizon Communications Inc.,Communication Services,Telecom Services,https://www.verizon.com
2025-01-28 00:00:00+01:00,42.46,0.69,2.21,6.02,-1.44,-3.5,-12.49,-18.3,RAND.AS,EQUITY,Randstad N.V.,Industrials,Staffing & Employment Services,https://www.randstad.com
2025-01-28 00:00:00-05:00,30.27,0.23,-1.5,6.06,0.0,-9.1,34.71,28.05,SFTBY,EQUITY,SoftBank Group Corp.,Communication Services,Telecom Services,https://group.softbank
2025-01-28 00:00:00-05:00,28.18,-3.06,-13.16,-13.02,-41.05,-64.85,-40.75,290.85,SMCI,EQUITY,"Super Micro Computer, Inc.",Technology,Computer Hardware,https://www.supermicro.com
2025-01-28 00:00:00-05:00,101.31,-2.44,-8.82,-14.4,-18.77,-18.28,23.83,163.69,DELL,EQUITY,Dell Technologies Inc.,Technology,Computer Hardware,https://www.dell.com
2025-01-28 00:00:00-05:00,18.26,-0.16,-6.65,-5.14,-2.41,-22.79,12.23,154.67,MARA,EQUITY,"MARA Holdings, Inc.",Financial Services,Capital Markets,https://www.mara.com
2025-01-28 00:00:00-05:00,10.95,-4.37,-14.05,1.39,12.42,0.0,3.01,84.34,RIOT,EQUITY,"Riot Platforms, Inc.",Financial Services,Capital Markets,https://www.riotplatforms.com
2025-01-28 00:00:00+01:00,50.0,-1.65,-3.18,2.61,0.93,-2.31,40.68,63.99,ABBN.SW,EQUITY,ABB Ltd,Industrials,Electrical Equipment & Parts,https://global.abb/group/en
2025-01-28 00:00:00+01:00,78.18,0.8,4.6,5.36,-9.07,-16.49,-15.31,-25.51,NESN.SW,EQUITY,Nestlé S.A.,Consumer Defensive,Packaged Foods,https://www.nestle.com
2025-01-28 00:00:00-05:00,64.61,-0.81,-3.23,5.64,-2.62,-10.02,7.64,19.8,SHEL,EQUITY,Shell plc,Energy,Oil & Gas Integrated,https://www.shell.com
2025-01-28 00:00:00+01:00,735.0,-2.0,4.4,16.89,19.67,7.06,-4.59,-4.78,MOH.MU,EQUITY,LVMH Moet Hennessy Louis Vuitton SE,,,
2025-01-28 00:00:00+01:00,280.3,0.36,3.74,13.62,2.56,2.3,19.08,5.06,ROG.SW,EQUITY,Roche Holding AG,Healthcare,Drug Manufacturers - General,https://www.roche.com
2025-01-28 00:00:00-05:00,58.19,-1.23,-1.55,8.91,-8.96,-13.62,-5.46,3.19,TTE,EQUITY,TotalEnergies SE,Energy,Oil & Gas Integrated,https://www.totalenergies.com
2025-01-28 00:00:00-05:00,57.51,-1.07,1.05,0.56,-6.95,0.67,24.85,22.73,UL,EQUITY,Unilever PLC,Consumer Defensive,Household & Personal Products,https://www.unilever.com
2025-01-28 00:00:00-05:00,52.97,-0.69,2.48,9.46,-1.29,5.18,10.7,17.95,SNY,EQUITY,Sanofi,Healthcare,Drug Manufacturers - General,https://www.sanofi.com
2025-01-28 00:00:00-05:00,31.16,-0.94,-1.16,8.37,0.59,-9.76,-6.42,-4.85,BP,EQUITY,BP p.l.c.,Energy,Oil & Gas Integrated,https://www.bp.com
2025-01-28 00:00:00-05:00,51.96,-0.27,0.91,6.72,18.86,23.51,46.86,65.64,HSBC,EQUITY,HSBC Holdings plc,Financial Services,Banks - Diversified,https://www.hsbc.com
2025-01-28 00:00:00+01:00,166.7,0.46,3.63,8.01,-1.54,0.25,7.73,28.53,AI.PA,EQUITY,L'Air Liquide S.A.,Basic Materials,Specialty Chemicals,https://www.airliquide.com
2025-01-28 00:00:00-05:00,35.71,-0.21,1.72,17.88,10.44,16.72,23.41,76.69,UBS,EQUITY,UBS Group AG,Financial Services,Banks - Diversified,https://www.ubs.com
2025-01-28 00:00:00-05:00,124.3,3.8,6.01,9.51,11.4,43.92,28.28,-11.52,BNTX,EQUITY,BioNTech SE,Healthcare,Biotechnology,https://www.biontech.de
2025-01-28 00:00:00-05:00,5.76,5.49,-17.83,119.85,291.84,294.52,339.69,1152.17,FNMA,EQUITY,Federal National Mortgage Association,Financial Services,Mortgage Finance,https://www.fanniemae.com
2025-01-28 00:00:00-05:00,5.44,7.51,-11.4,108.43,294.2,291.37,418.1,1082.61,FMCC,EQUITY,Federal Home Loan Mortgage Corporation,Financial Services,Mortgage Finance,https://www.freddiemac.com
2025-01-28 00:00:00-05:00,101.38,-1.28,-2.78,5.19,-2.76,-11.82,-6.99,-10.35,COP,EQUITY,ConocoPhillips,Energy,Oil & Gas E&P,https://www.conocophillips.com
2025-01-28 00:00:00-05:00,13.94,0.47,0.98,11.8,7.58,3.18,-7.46,72.52,PBR,EQUITY,Petróleo Brasileiro S.A. - Petrobras,Energy,Oil & Gas Integrated,https://petrobras.com.br
2025-01-28 00:00:00-05:00,41.32,-2.87,-5.53,10.9,-2.0,-14.09,-19.27,-23.35,SLB,EQUITY,Schlumberger Limited,Energy,Oil & Gas Equipment & Services,https://www.slb.com
2025-01-28 00:00:00-05:00,49.88,2.93,-6.64,13.73,37.76,42.43,40.81,60.59,EQT,EQUITY,EQT Corporation,Energy,Oil & Gas E&P,https://www.eqt.com
2025-01-28 00:00:00-05:00,38.25,-1.34,-3.89,9.19,-1.87,-0.46,22.27,21.78,SU,EQUITY,Suncor Energy Inc.,Energy,Oil & Gas Integrated,https://www.suncor.com
2025-01-28 00:00:00-05:00,121.17,-1.55,0.56,9.68,-6.91,-10.49,-9.09,22.32,PSX,EQUITY,Phillips 66,Energy,Oil & Gas Refining & Marketing,https://www.phillips66.com
2025-01-28 00:00:00-05:00,34.87,-1.3,-5.06,12.56,-12.43,-26.77,-15.05,-38.54,DVN,EQUITY,Devon Energy Corporation,Energy,Oil & Gas E&P,https://www.devonenergy.com
2025-01-28 00:00:00-05:00,37.21,2.37,-6.81,15.17,38.48,26.26,63.2,32.04,AR,EQUITY,Antero Resources Corporation,Energy,Oil & Gas E&P,https://www.anteroresources.com
2025-01-28 00:00:00-05:00,43.86,0.67,-3.41,15.03,10.45,-6.85,5.12,-5.37,OVV,EQUITY,Ovintiv Inc.,Energy,Oil & Gas E&P,https://www.ovintiv.com
2025-01-28 00:00:00-05:00,23.34,-0.17,-0.47,9.21,-5.11,-25.31,-24.47,-43.69,APA,EQUITY,APA Corporation,Energy,Oil & Gas E&P,https://www.apacorp.com
2025-01-28 00:00:00-05:00,20.39,-9.05,-20.82,-15.74,106.59,39.18,63.51,-15.67,BE,EQUITY,Bloom Energy Corporation,Industrials,Electrical Equipment & Parts,https://www.bloomenergy.com
2025-01-28 00:00:00-05:00,106.51,3.81,-25.59,-9.54,-4.97,29.08,100.03,664.06,VRT,EQUITY,Vertiv Holdings Co,Industrials,Electrical Equipment & Parts,https://www.vertiv.com
2025-01-28 00:00:00-05:00,63.15,-0.11,-15.67,-8.71,-15.21,-14.43,9.31,66.01,NVT,EQUITY,nVent Electric plc,Industrials,Electrical Equipment & Parts,https://www.nvent.com
2025-01-28 00:00:00-05:00,238.27,-2.28,-17.6,1.75,-14.82,83.36,210.78,536.92,POWL,EQUITY,"Powell Industries, Inc.",Industrials,Electrical Equipment & Parts,https://www.powellind.com
2025-01-28 00:00:00+01:00,367.6,1.23,7.74,8.17,2.65,-9.17,-16.93,0.94,OR.PA,EQUITY,L'Oréal S.A.,Consumer Defensive,Household & Personal Products,https://www.loreal.com
2025-01-28 00:00:00+01:00,101.72,0.37,2.73,10.87,3.15,9.62,18.33,22.39,SAN.PA,EQUITY,Sanofi,Healthcare,Drug Manufacturers - General,https://www.sanofi.com
2025-01-28 00:00:00+01:00,750.6,-0.56,7.03,18.99,23.47,9.55,-0.75,-2.74,MC.PA,EQUITY,"LVMH Moët Hennessy - Louis Vuitton, Société Européenne",Consumer Cyclical,Luxury Goods,https://www.lvmh.com
2025-01-28 00:00:00-05:00,41.07,1.91,6.68,13.17,3.5,56.28,76.55,-28.32,JD,EQUITY,"JD.com, Inc.",Consumer Cyclical,Internet Retail,https://www.jd.com
